{
  "Slot": "Slot",
  "Empty": "Vazio",
  "Music": "Música",
  "Sound": "Som",
  "Mute all": "Silencie tudo",
  "Self-voicing disabled.": "Auto-voando desativado.",
  "Clipboard voicing enabled.": "A voz da área de transferência habilitada.",
  "Self-voicing enabled.": "Auto-voando ativado.",
  "horizontal scroll": "Rolagem horizontal",
  "vertical scroll": "Rolagem vertical",
  "Accessibility Menu. Use up and down arrows to navigate, and enter to activate buttons and bars.": "Menu de acessibilidade. Use setas para cima e para baixo para navegar e digite para ativar botões e barras.",
  "Font Override": "Substituição de fonte",
  "Default": "Padrão",
  "DejaVu Sans": "Já sem",
  "Opendyslexic": "OpendySléxico",
  "Text Size Scaling": "Escala de tamanho de texto",
  "Reset": "Reiniciar",
  "Line Spacing Scaling": "Escala de espaçamento de linha",
  "High Contrast Text": "Texto de alto contraste",
  "Enable": "Habilitar",
  "Disable": "Desativar",
  "Self-Voicing": "Auto-voando",
  "Self-voicing support is limited when using a touch screen.": "O suporte de auto-voação é limitado ao usar uma tela de toque.",
  "Off": "Desligado",
  "Text-to-speech": "Texto para fala",
  "Clipboard": "Praça de transferência",
  "Debug": "Depurar",
  "Voice Volume": "Volume de voz",
  "Self-Voicing Volume Drop": "Drop de volume de auto-voação",
  "The options on this menu are intended to improve accessibility. They may not work with all games, and some combinations of options may render the game unplayable. This is not an issue with the game or engine. For the best results when changing fonts, try to keep the text size the same as it originally was.": "As opções neste menu destinam -se a melhorar a acessibilidade. Eles podem não funcionar com todos os jogos, e algumas combinações de opções podem tornar o jogo não jogável. Este não é um problema com o jogo ou motor. Para obter os melhores resultados ao alterar fontes, tente manter o tamanho do texto da mesma forma que foi originalmente.",
  "Return": "Retornar",
  "Monday": "Segunda-feira",
  "Tuesday": "Terça-feira",
  "Wednesday": "Quarta-feira",
  "Thursday": "Quinta-feira",
  "Friday": "Sexta-feira",
  "Saturday": "Sábado",
  "Sunday": "Domingo",
  "Mon": "seg",
  "Tue": "ter",
  "Wed": "qua",
  "Thu": "qui",
  "Fri": "sex",
  "Sat": "Sentado",
  "Sun": "Sol",
  "January": "Janeiro",
  "February": "Fevereiro",
  "March": "Marchar",
  "April": "abril",
  "May": "Poderia",
  "June": "Junho",
  "July": "Julho",
  "August": "Agosto",
  "September": "Setembro",
  "October": "outubro",
  "November": "novembro",
  "December": "dezembro",
  "Jan": "Jan",
  "Feb": "Fevereiro",
  "Mar": "Mar",
  "Apr": "Apr",
  "Jun": "Jun",
  "Jul": "Jul",
  "Aug": "AUG",
  "Sep": "Set",
  "Oct": "OUT",
  "Nov": "Nov",
  "Dec": "DEC",
  "%H:%M": "%H: %M",
  "Save slot": "Salve o slot",
  "Load slot": "Carregar slot",
  "Delete slot": "Excluir slot",
  "File page auto": "Página do arquivo Auto",
  "File page quick": "Página do arquivo rápido",
  "File page": "Página do arquivo",
  "Page": "Página",
  "Automatic saves": "Defesas automáticas",
  "Quick saves": "Defesas rápidas",
  "Next file page.": "Próxima página de arquivo.",
  "Previous file page.": "Página de arquivo anterior.",
  "Quick save complete.": "Salvar rápido completo.",
  "Quick save.": "Salvar rápido.",
  "Quick load.": "Carga rápida.",
  "Fullscreen": "Tela cheia",
  "Image": "Imagem",
  "locked.": "trancado.",
  "Select Gamepad to Calibrate": "Selecione GamePad para calibrar",
  "No Gamepads Available": "Sem gamepads disponíveis",
  "Cancel": "Cancelar",
  "Calibrating": "Calibrando",
  "Press or move the '": "Pressione ou mova o '",
  "Skip (A)": "Pule (a)",
  "Back (B)": "Traseiro (b)",
  "Are you sure?": "Tem certeza?",
  "Are you sure you want to delete this save?": "Tem certeza de que deseja excluir esse salvamento?",
  "Are you sure you want to overwrite your save?": "Tem certeza de que deseja substituir sua defesa?",
  "Loading will lose unsaved progress.": "O carregamento perderá o progresso não salvo.",
  "Are you sure you want to do this?": "Tem certeza de que quer fazer isso?",
  "Are you sure you want to quit?": "Tem certeza de que deseja sair?",
  "Are you sure you want to return to the main menu?": "Tem certeza de que deseja retornar ao menu principal?",
  "This will lose unsaved progress.": "Isso perderá progresso não salvo.",
  "Are you sure you want to continue where you left off?": "Tem certeza de que deseja continuar de onde parou?",
  "Are you sure you want to end the replay?": "Tem certeza de que deseja terminar a repetição?",
  "Are you sure you want to begin skipping?": "Tem certeza de que deseja começar a pular?",
  "Are you sure you want to skip to the next choice?": "Tem certeza de que deseja pular para a próxima escolha?",
  "Are you sure you want to skip unseen dialogue to the next choice?": "Tem certeza de que deseja pular diálogo invisível para a próxima escolha?",
  "This save was created on a different device. Maliciously constructed save files can harm your computer. Do you trust this save's creator and everyone who could have changed the file?": "Esse salvamento foi criado em um dispositivo diferente. Maliciosamente construído Os arquivos de salvamento podem prejudicar seu computador. Você confia no Criador deste Save e a todos que poderiam ter mudado o arquivo?",
  "Do you trust the device the save was created on? You should only choose yes if you are the device's sole user.": "Você confia no dispositivo em que o salvamento foi criado? Você só deve escolher sim se for o único usuário do dispositivo.",
  "Contacting App Store": "Entrando em contato com a App Store",
  "Please Wait...": "Por favor, aguarde...",
  "Failed to save screenshot as": "Falhou em salvar a captura de tela como",
  "Saved screenshot as": "Creat Screenshot salvo como",
  "Skip Mode": "Pular",
  "This program contains free software under a number of licenses, including the MIT License and GNU Lesser General Public License. A complete list of software, including links to full source code, can be found": "Este programa contém software livre sob várias licenças, incluindo a licença do MIT e a Licença Pública Geral GNU LESS. Uma lista completa de software, incluindo links para código -fonte completo, pode ser encontrado",
  "here": "aqui",
  "Speech Bubble Editor": "Editor de bolhas de fala",
  "(clear retained bubbles)": "(bolhas claras e retidas)",
  "Translation identifier:": "Identificador de tradução:",
  "translates": "traduz",
  "Copied to clipboard.": "Copiado para a área de transferência.",
  "2 years earlier...": "2 anos antes ...",
  "Chapter 1": "Capítulo 1",
  "Later that night...": "Mais tarde naquela noite ...",
  "Chapter 2": "Capítulo 2",
  "Some time later...": "Algum tempo depois ...",
  "The next day...": "No dia seguinte...",
  "Thanks so much for playing, and thanks for the support, it really means a lot to me. Stay tuned for more updates.": "Muito obrigado por jogar, e obrigado pelo apoio, isso realmente significa muito para mim. Fique atento para mais atualizações.",
  "End of Chapter 2": "Fim do Capítulo 2",
  "B50000": "B50000",
  "Sabrina": "Sabrina",
  "Lawyer": "Advogado",
  "Vicky": "Vicky",
  "LIVING WITH VICKY": "Vivendo com Vicky",
  "LIVINGWITHVICKYREMAKE": "LivingWithVickyRemake",
  "Back": "Voltar",
  "History": "História",
  "Skip": "Pular",
  "Auto": "Auto",
  "Save": "Salvar",
  "Q.Save": "Q.Save",
  "Q.Load": "Q.load",
  "Prefs": "Prefs",
  "Start": "Começar",
  "Load": "Carregar",
  "Preferences": "Preferências",
  "End Replay": "Replay final",
  "Main Menu": "Jogar o menu",
  "About": "Sobre",
  "Help": "Ajuda",
  "Quit": "Desistir",
  "Version": "Versão",
  "Made with": "Feito com",
  "Ren'Py": "Puro'py",
  "%A, %B": "%A, %B",
  "%Y, %H:%M": "%Y, %H: %M",
  "empty slot": "Slot vazio",
  "Upload Sync": "Upload sincronize",
  "Download Sync": "Download Sync",
  "Display": "Mostrar",
  "Window": "Janela",
  "Unseen Text": "Texto invisível",
  "after choices": "depois das escolhas",
  "After Choices": "Depois das escolhas",
  "Transitions": "Transições",
  "Text Speed": "Velocidade de texto",
  "text speed": "velocidade de texto",
  "Auto-Forward Time": "Tempo de avanço automático",
  "auto-forward time": "Tempo de avanço automático",
  "Music Volume": "Volume musical",
  "music volume": "volume musical",
  "Sound Volume": "Volume de som",
  "sound volume": "volume de som",
  "Test": "Teste",
  "voice volume": "volume de voz",
  "all mute": "tudo mudo",
  "Mute All": "Mudo tudo",
  "The dialogue history is empty.": "A história do diálogo está vazia.",
  "Keyboard": "Teclado",
  "Mouse": "Rato",
  "Gamepad": "Gamepad",
  "Enter": "Digitar",
  "Advances dialogue and activates the interface.": "Avina o diálogo e ativa a interface.",
  "Space": "Espaço",
  "Advances dialogue without selecting choices.": "Avina o diálogo sem selecionar opções.",
  "Arrow Keys": "Teclas de seta",
  "Navigate the interface.": "Navegue pela interface.",
  "Escape": "Escapar",
  "Accesses the game menu.": "Acesse o menu do jogo.",
  "Ctrl": "Ctrl",
  "Skips dialogue while held down.": "Pula o diálogo enquanto mantém.",
  "Tab": "Guia",
  "Toggles dialogue skipping.": "Alterna o diálogo pulando.",
  "Page Up": "Página para cima",
  "Rolls back to earlier dialogue.": "Volta ao diálogo anterior.",
  "Page Down": "Page para baixo",
  "Rolls forward to later dialogue.": "Rola para o diálogo posterior.",
  "Hides the user interface.": "Esconde a interface do usuário.",
  "Takes a screenshot.": "Tira uma captura de tela.",
  "Toggles assistive": "Alterna assistiva",
  "self-voicing": "auto-voando",
  "Shift+A": "Mudança+a",
  "Opens the accessibility menu.": "Abre o menu de acessibilidade.",
  "Left Click": "Clique esquerdo",
  "Middle Click": "Clique no meio",
  "Right Click": "Clique com o botão direito do mouse",
  "Mouse Wheel Up": "Rouse roda para cima",
  "Mouse Wheel Down": "Rouse de roda para baixo",
  "Right Trigger": "Gatilho direito",
  "A/Bottom Button": "Botão A/Inferior",
  "Left Trigger": "Gatilho esquerdo",
  "Left Shoulder": "Ombro esquerdo",
  "Right Shoulder": "Ombro direito",
  "D-Pad, Sticks": "D-pad, bastões",
  "Start, Guide, B/Right Button": "Iniciar, guia, b/botão direito",
  "Y/Top Button": "Botão Y/TOP",
  "Calibrate": "Calibrar",
  "Yes": "Sim",
  "Skipping": "Pular",
  "Menu": "Menu",
  "What is your name?": "Qual o seu nome?",
  "Stan": "Stan",
  "Vicky is my": "Vicky é meu",
  "I call her": "Eu ligo para ela",
  "Ms.Vicky": "Sra. Vicky",
  "I am Vicky's": "Eu sou o de Vicky",
  "Tennant": "Tennant",
  "Vicky's ex-husband is my": "O ex-marido de Vicky é meu",
  "I call him": "Eu o chamo",
  "Sabrina is my": "Sabrina é minha",
  "I am Sabrina's": "Eu sou de Sabrina",
  "House mate": "House Mate",
  "I sometimes call her": "Às vezes ligo para ela",
  "She sometimes calls me": "Ela às vezes me liga",
  "bar": "bar",
  "selected": "selecionado",
  "viewport": "viewport",
  "activate": "ativar",
  "deactivate": "desativar",
  "increase": "aumentar",
  "decrease": "diminuir",
  "prev": "Anterior",
  "next": "próximo",
  "slideshow": "apresentação de slides",
  "return": "retornar",
  "(hide)": "(esconder)",
  "I could look without her catching me.": "Eu poderia olhar sem ela me pegar.",
  "Put my face into them.": "Coloque meu rosto neles.",
  "Caress Thigh?": "Caress coxa?",
  "Better not risk it": "Melhor não arriscar",
  "Feel her breasts?": "Sinta seus seios?",
  "Try to kiss her?": "Tentar beijá -la?",
  "yes": "sim",
  "To risky": "Para arriscar",
  "game_menu": "game_menu",
  "save_delete": "Save_Delete",
  "save_page_prev": "Save_Page_Prev",
  "save_page_next": "save_page_next",
  "ARE YOU 18 YEARS OLD?": "Você tem 18 anos?",
  "I AM 18 YEARS OR OLDER.": "Tenho 18 anos ou mais.",
  "I AM NOT 18 YEARS OF AGE.": "Eu não tenho 18 anos de idade.",
  "No, that's still not right.": "Não, isso ainda não está certo.",
  "Of": "De"
}